{
  "Sample": {
    "Title": "Calling Microsoft Graph from a JavaScript SPA App",
    "Level": 400,
    "Client": "JavaScript, msal.js, MSAL"
  },
  "AppRegistrations": [
    {
      "x-ms-id": "JavaScriptSpa",
      "x-ms-name": "active-directory-javascript-graphapi-v2",
      "x-ms-version": "2.0",
      "logoutUrl": "http://localhost:30662/",
      "replyUrlsWithType": [
        {
          "url": "http://localhost:30662/",
          "type": "Web"
        }
      ],
      "oauth2AllowImplicitFlow": true,
      "oauth2AllowIdTokenImplicitFlow": true,
      "requiredResourceAccess": [
        {
          "x-ms-resourceAppName": "Microsoft Graph",
          "resourceAppId": "00000003-0000-0000-c000-000000000000",
          "resourceAccess": [
            {
              "id": "e1fe6dd8-ba31-4d61-89e7-88639da4683d",
              "type": "Scope",
              "x-ms-name": "user.read"
            }
          ]
        }
      ]
    }
  ]
}
